[
  {
    "file": "2025-07-17-asdasd.md",
    "title": "asdasd",
    "date": "2025-07-17",
    "summary": "---😊😍👍🔥asdasdasd;lamsd**粗体**asdasd**粗体** 标题asdasdasd 标题",
    "cover": "",
    "tags": []
  },
  {
    "file": "2025-07-17-啊啊啊.md",
    "title": "啊啊啊",
    "date": "2025-07-17",
    "summary": "水水水水水水水水水水啊实打实~~~",
    "cover": "",
    "tags": [
      "aaa",
      "sdd",
      "啊啊啊",
      "收缩时"
    ]
  },
  {
    "file": "2025-07-17-啊啊啊啊啊.md",
    "title": "啊啊",
    "date": "2025-07-17",
    "summary": "阿三大苏打阿三大阿松大苏打",
    "cover": "",
    "tags": []
  },
  {
    "file": "2025-07-17-强强强强.md",
    "title": "强强强强",
    "date": "2025-07-17",
    "summary": "强强强强驱蚊器强强",
    "cover": "",
    "tags": []
  }
]