[
  {
    "file": "2025-07-17-强强强强.md",
    "title": "md-editor-v3",
    "date": "2025-07-17",
    "summary": "😲 md-editor-v3Markdown 编辑器，vue3 版本，使用 jsx 模板 和 typescript 开发，支持切换主题、prettier 美化",
    "cover": "",
    "tags": []
  },
  {
    "file": "2025-07-19-1112.md",
    "title": 1112,
    "date": "2025-07-19",
    "summary": 23,
    "cover": "",
    "tags": [
      22,
      "饿"
    ]
  },
  {
    "file": "2025-07-19-qqq.md",
    "title": "qqq",
    "date": "2025-07-19",
    "summary": "qq",
    "cover": "",
    "tags": [
      "qq"
    ]
  },
  {
    "file": "2025-07-19-啊啊啊.md",
    "title": "啊啊啊",
    "date": "2025-07-19",
    "summary": "阿松大",
    "cover": "",
    "tags": [
      "阿松大"
    ]
  },
  {
    "file": "2025-07-19-啊啊啊啊啊啊啊啊啊.md",
    "title": "啊啊啊啊啊啊啊啊啊",
    "date": "2025-07-19",
    "summary": "啊时代是法律回复奥斯的骄傲和PSP打开了还u很多覅u卡",
    "cover": "",
    "tags": [
      "杀杀杀杀杀杀杀杀杀",
      "昂宿啊"
    ]
  },
  {
    "file": "2025-07-19-阿松大.md",
    "title": "阿松大",
    "date": "2025-07-19",
    "summary": "阿松大",
    "cover": "",
    "tags": [
      "阿松大"
    ]
  }
]